Pokemon Name,Abilities,Moves
bulbasaur,"overgrow, chlorophyll","razor-wind, swords-dance, cut, bind, vine-whip, headbutt, tackle, body-slam, take-down, double-edge, growl, strength, mega-drain, leech-seed, growth, razor-leaf, solar-beam, poison-powder, sleep-powder, petal-dance, string-shot, toxic, rage, mimic, double-team, defense-curl, light-screen, reflect, bide, sludge, skull-bash, amnesia, flash, rest, substitute, snore, curse, protect, sludge-bomb, mud-slap, outrage, giga-drain, endure, charm, false-swipe, swagger, fury-cutter, attract, sleep-talk, return, frustration, safeguard, sweet-scent, synthesis, hidden-power, sunny-day, rock-smash, facade, nature-power, helping-hand, ingrain, knock-off, secret-power, weather-ball, grass-whistle, bullet-seed, magical-leaf, natural-gift, worry-seed, seed-bomb, energy-ball, leaf-storm, power-whip, captivate, grass-knot, venoshock, acid-spray, round, echoed-voice, grass-pledge, work-up, grassy-terrain, confide, grassy-glide, tera-blast, trailblaze"
ivysaur,"overgrow, chlorophyll","swords-dance, cut, bind, vine-whip, headbutt, tackle, body-slam, take-down, double-edge, growl, roar, strength, mega-drain, leech-seed, growth, razor-leaf, solar-beam, poison-powder, sleep-powder, petal-dance, string-shot, toxic, rage, mimic, double-team, defense-curl, light-screen, reflect, bide, amnesia, flash, rest, substitute, snore, curse, protect, sludge-bomb, mud-slap, outrage, giga-drain, endure, charm, false-swipe, swagger, fury-cutter, attract, sleep-talk, return, frustration, safeguard, sweet-scent, synthesis, hidden-power, sunny-day, rock-smash, facade, nature-power, helping-hand, ingrain, knock-off, secret-power, weather-ball, bullet-seed, magical-leaf, natural-gift, worry-seed, seed-bomb, energy-ball, leaf-storm, power-whip, captivate, grass-knot, venoshock, acid-spray, round, echoed-voice, grass-pledge, work-up, grassy-terrain, confide, grassy-glide, tera-blast, trailblaze"
venusaur,"overgrow, chlorophyll","swords-dance, cut, bind, vine-whip, headbutt, tackle, body-slam, take-down, double-edge, growl, roar, hyper-beam, strength, mega-drain, leech-seed, growth, razor-leaf, solar-beam, poison-powder, sleep-powder, petal-dance, string-shot, earthquake, toxic, rage, mimic, double-team, defense-curl, light-screen, reflect, bide, amnesia, flash, rest, substitute, snore, curse, protect, scary-face, sludge-bomb, mud-slap, outrage, giga-drain, endure, charm, false-swipe, swagger, fury-cutter, attract, sleep-talk, return, frustration, safeguard, sweet-scent, synthesis, hidden-power, sunny-day, rock-smash, facade, nature-power, helping-hand, ingrain, knock-off, secret-power, weather-ball, bullet-seed, block, frenzy-plant, magical-leaf, natural-gift, worry-seed, poison-jab, seed-bomb, energy-ball, earth-power, giga-impact, rock-climb, leaf-storm, power-whip, captivate, grass-knot, venoshock, acid-spray, round, echoed-voice, grass-pledge, bulldoze, work-up, petal-blizzard, grassy-terrain, confide, stomping-tantrum, grassy-glide, terrain-pulse, tera-blast, trailblaze"
charmander,"blaze, solar-power","mega-punch, fire-punch, thunder-punch, scratch, swords-dance, cut, wing-attack, mega-kick, headbutt, body-slam, take-down, double-edge, leer, bite, growl, roar, ember, flamethrower, submission, counter, seismic-toss, strength, dragon-rage, fire-spin, dig, toxic, rage, mimic, double-team, smokescreen, defense-curl, reflect, bide, fire-blast, swift, skull-bash, fury-swipes, rest, rock-slide, slash, substitute, snore, curse, protect, scary-face, belly-drum, mud-slap, outrage, endure, false-swipe, swagger, fury-cutter, attract, sleep-talk, return, frustration, dynamic-punch, dragon-breath, iron-tail, metal-claw, hidden-power, sunny-day, crunch, ancient-power, rock-smash, beat-up, heat-wave, will-o-wisp, facade, focus-punch, helping-hand, brick-break, secret-power, weather-ball, air-cutter, overheat, rock-tomb, aerial-ace, dragon-claw, dragon-dance, natural-gift, fling, flare-blitz, dragon-pulse, dragon-rush, focus-blast, shadow-claw, fire-fang, captivate, hone-claws, flame-burst, flame-charge, round, echoed-voice, incinerate, acrobatics, inferno, fire-pledge, dragon-tail, work-up, confide, power-up-punch, breaking-swipe, tera-blast, temper-flare"
charmeleon,"blaze, solar-power","mega-punch, fire-punch, thunder-punch, scratch, swords-dance, cut, mega-kick, headbutt, body-slam, take-down, double-edge, leer, bite, growl, roar, ember, flamethrower, submission, counter, seismic-toss, strength, dragon-rage, fire-spin, dig, toxic, rage, mimic, double-team, smokescreen, defense-curl, reflect, bide, fire-blast, swift, skull-bash, fury-swipes, rest, rock-slide, slash, substitute, snore, curse, protect, scary-face, belly-drum, mud-slap, outrage, endure, false-swipe, swagger, fury-cutter, attract, sleep-talk, return, frustration, dynamic-punch, dragon-breath, iron-tail, metal-claw, hidden-power, sunny-day, crunch, ancient-power, rock-smash, beat-up, heat-wave, will-o-wisp, facade, focus-punch, helping-hand, brick-break, secret-power, weather-ball, overheat, rock-tomb, aerial-ace, dragon-claw, dragon-dance, natural-gift, fling, flare-blitz, dragon-pulse, dragon-rush, focus-blast, shadow-claw, fire-fang, captivate, hone-claws, flame-burst, flame-charge, round, echoed-voice, incinerate, acrobatics, inferno, fire-pledge, dragon-tail, work-up, confide, power-up-punch, breaking-swipe, tera-blast, temper-flare"
charizard,"blaze, solar-power","mega-punch, fire-punch, thunder-punch, scratch, swords-dance, cut, wing-attack, fly, mega-kick, headbutt, body-slam, take-down, double-edge, leer, bite, growl, roar, ember, flamethrower, hyper-beam, submission, counter, seismic-toss, strength, solar-beam, dragon-rage, fire-spin, earthquake, fissure, dig, toxic, rage, mimic, double-team, smokescreen, defense-curl, reflect, bide, fire-blast, swift, skull-bash, fury-swipes, rest, rock-slide, slash, substitute, snore, curse, protect, scary-face, belly-drum, mud-slap, outrage, sandstorm, endure, false-swipe, swagger, fury-cutter, steel-wing, attract, sleep-talk, return, frustration, dynamic-punch, dragon-breath, iron-tail, metal-claw, hidden-power, twister, sunny-day, crunch, ancient-power, rock-smash, beat-up, heat-wave, will-o-wisp, facade, focus-punch, helping-hand, brick-break, secret-power, blaze-kick, blast-burn, weather-ball, air-cutter, overheat, rock-tomb, aerial-ace, dragon-claw, dragon-dance, roost, natural-gift, tailwind, fling, flare-blitz, air-slash, dragon-pulse, dragon-rush, focus-blast, giga-impact, shadow-claw, fire-fang, defog, captivate, ominous-wind, hone-claws, flame-burst, flame-charge, round, echoed-voice, sky-drop, incinerate, acrobatics, inferno, fire-pledge, bulldoze, dragon-tail, work-up, heat-crash, hurricane, confide, mystical-fire, power-up-punch, brutal-swing, breaking-swipe, scale-shot, dual-wingbeat, scorching-sands, tera-blast, dragon-cheer, temper-flare"
squirtle,"torrent, rain-dish","mega-punch, ice-punch, mega-kick, headbutt, tackle, body-slam, take-down, double-edge, tail-whip, bite, mist, water-gun, hydro-pump, surf, ice-beam, blizzard, bubble-beam, submission, counter, seismic-toss, strength, dig, toxic, confusion, rage, mimic, double-team, withdraw, defense-curl, haze, reflect, bide, waterfall, skull-bash, bubble, rest, rock-slide, substitute, snore, curse, flail, protect, mud-slap, foresight, icy-wind, outrage, endure, rollout, false-swipe, swagger, attract, sleep-talk, return, frustration, dynamic-punch, rapid-spin, iron-tail, hidden-power, rain-dance, mirror-coat, rock-smash, whirlpool, fake-out, hail, facade, focus-punch, follow-me, helping-hand, brick-break, yawn, refresh, secret-power, dive, mud-sport, weather-ball, rock-tomb, water-spout, muddy-water, iron-defense, mud-shot, water-pulse, gyro-ball, brine, natural-gift, fling, aqua-ring, aura-sphere, aqua-tail, dragon-pulse, zen-headbutt, captivate, aqua-jet, round, scald, shell-smash, water-pledge, work-up, confide, power-up-punch, liquidation, life-dew, flip-turn, wave-crash, tera-blast, ice-spinner, chilling-water"
wartortle,"torrent, rain-dish","mega-punch, ice-punch, mega-kick, headbutt, tackle, body-slam, take-down, double-edge, tail-whip, bite, mist, water-gun, hydro-pump, surf, ice-beam, blizzard, bubble-beam, submission, counter, seismic-toss, strength, dig, toxic, rage, mimic, double-team, withdraw, defense-curl, haze, reflect, bide, waterfall, skull-bash, bubble, rest, rock-slide, substitute, snore, curse, flail, protect, mud-slap, icy-wind, outrage, endure, rollout, false-swipe, swagger, attract, sleep-talk, return, frustration, dynamic-punch, rapid-spin, iron-tail, hidden-power, rain-dance, mirror-coat, rock-smash, whirlpool, fake-out, hail, facade, focus-punch, helping-hand, brick-break, yawn, secret-power, dive, weather-ball, rock-tomb, water-spout, muddy-water, iron-defense, mud-shot, water-pulse, gyro-ball, brine, natural-gift, fling, aqua-ring, aura-sphere, aqua-tail, dragon-pulse, zen-headbutt, captivate, aqua-jet, round, scald, shell-smash, water-pledge, work-up, confide, power-up-punch, liquidation, life-dew, flip-turn, wave-crash, tera-blast, ice-spinner, chilling-water"
blastoise,"torrent, rain-dish","mega-punch, ice-punch, mega-kick, headbutt, tackle, body-slam, take-down, double-edge, tail-whip, bite, roar, mist, water-gun, hydro-pump, surf, ice-beam, blizzard, bubble-beam, hyper-beam, submission, counter, seismic-toss, strength, earthquake, fissure, dig, toxic, rage, mimic, double-team, withdraw, defense-curl, haze, reflect, bide, waterfall, skull-bash, bubble, rest, rock-slide, substitute, snore, curse, flail, protect, scary-face, mud-slap, icy-wind, outrage, endure, rollout, false-swipe, swagger, attract, sleep-talk, return, frustration, dynamic-punch, rapid-spin, iron-tail, hidden-power, rain-dance, crunch, mirror-coat, rock-smash, whirlpool, fake-out, hail, facade, focus-punch, helping-hand, brick-break, yawn, secret-power, dive, hydro-cannon, weather-ball, rock-tomb, water-spout, signal-beam, muddy-water, iron-defense, mud-shot, water-pulse, gyro-ball, brine, natural-gift, fling, aqua-ring, aura-sphere, dark-pulse, aqua-tail, dragon-pulse, focus-blast, giga-impact, avalanche, zen-headbutt, flash-cannon, rock-climb, captivate, aqua-jet, smack-down, round, scald, shell-smash, water-pledge, bulldoze, dragon-tail, work-up, confide, power-up-punch, liquidation, body-press, life-dew, terrain-pulse, flip-turn, wave-crash, tera-blast, ice-spinner, chilling-water"
caterpie,"shield-dust, run-away","tackle, string-shot, snore, bug-bite, electroweb"
metapod,shed-skin,"string-shot, harden, iron-defense, bug-bite, electroweb"
butterfree,"compound-eyes, tinted-lens","razor-wind, gust, whirlwind, headbutt, tackle, take-down, double-edge, supersonic, psybeam, hyper-beam, mega-drain, solar-beam, poison-powder, stun-spore, sleep-powder, string-shot, toxic, confusion, psychic, rage, teleport, mimic, double-team, harden, reflect, bide, swift, dream-eater, flash, psywave, rest, substitute, thief, nightmare, snore, curse, protect, giga-drain, endure, swagger, attract, sleep-talk, return, frustration, safeguard, baton-pass, sweet-scent, hidden-power, twister, rain-dance, sunny-day, psych-up, shadow-ball, facade, skill-swap, secret-power, air-cutter, silver-wind, signal-beam, aerial-ace, iron-defense, roost, natural-gift, tailwind, u-turn, air-slash, bug-buzz, energy-ball, giga-impact, defog, captivate, bug-bite, ominous-wind, venoshock, rage-powder, quiver-dance, round, acrobatics, struggle-bug, electroweb, hurricane, draining-kiss, confide, infestation, pollen-puff, dual-wingbeat"
weedle,"shield-dust, run-away","poison-sting, string-shot, bug-bite, electroweb"
kakuna,shed-skin,"string-shot, harden, iron-defense, bug-bite, electroweb"
beedrill,"swarm, sniper","swords-dance, cut, headbutt, fury-attack, take-down, double-edge, poison-sting, twineedle, pin-missile, hyper-beam, peck, mega-drain, solar-beam, string-shot, toxic, agility, rage, mimic, double-team, harden, reflect, focus-energy, bide, swift, skull-bash, flash, rest, substitute, thief, snore, curse, protect, sludge-bomb, outrage, giga-drain, endure, false-swipe, swagger, fury-cutter, attract, sleep-talk, return, frustration, pursuit, sweet-scent, hidden-power, sunny-day, rock-smash, facade, brick-break, knock-off, endeavor, secret-power, air-cutter, silver-wind, aerial-ace, roost, natural-gift, tailwind, u-turn, payback, assurance, toxic-spikes, poison-jab, x-scissor, giga-impact, defog, captivate, bug-bite, ominous-wind, venoshock, round, acrobatics, struggle-bug, electroweb, drill-run, fell-stinger, confide, infestation, laser-focus, throat-chop, brutal-swing"
pidgey,"keen-eye, tangled-feet, big-pecks","razor-wind, gust, wing-attack, whirlwind, fly, sand-attack, headbutt, tackle, take-down, double-edge, toxic, agility, quick-attack, rage, mimic, double-team, reflect, bide, mirror-move, swift, sky-attack, rest, substitute, thief, snore, curse, protect, feint-attack, mud-slap, foresight, detect, endure, swagger, steel-wing, attract, sleep-talk, return, frustration, pursuit, hidden-power, twister, rain-dance, sunny-day, uproar, heat-wave, facade, secret-power, feather-dance, air-cutter, aerial-ace, roost, natural-gift, pluck, tailwind, u-turn, air-slash, brave-bird, defog, captivate, ominous-wind, round, work-up, hurricane, confide"
pidgeotto,"keen-eye, tangled-feet, big-pecks","razor-wind, gust, wing-attack, whirlwind, fly, sand-attack, headbutt, tackle, take-down, double-edge, toxic, agility, quick-attack, rage, mimic, double-team, reflect, bide, mirror-move, swift, sky-attack, rest, substitute, thief, snore, curse, protect, mud-slap, detect, endure, swagger, steel-wing, attract, sleep-talk, return, frustration, hidden-power, twister, rain-dance, sunny-day, uproar, heat-wave, facade, secret-power, feather-dance, air-cutter, aerial-ace, roost, natural-gift, pluck, tailwind, u-turn, air-slash, defog, captivate, ominous-wind, round, work-up, hurricane, confide"
pidgeot,"keen-eye, tangled-feet, big-pecks","razor-wind, gust, wing-attack, whirlwind, fly, sand-attack, headbutt, tackle, take-down, double-edge, hyper-beam, toxic, agility, quick-attack, rage, mimic, double-team, reflect, bide, mirror-move, swift, sky-attack, rest, substitute, thief, snore, curse, protect, mud-slap, detect, endure, swagger, steel-wing, attract, sleep-talk, return, frustration, hidden-power, twister, rain-dance, sunny-day, uproar, heat-wave, facade, secret-power, feather-dance, air-cutter, aerial-ace, roost, natural-gift, pluck, tailwind, u-turn, air-slash, giga-impact, defog, captivate, ominous-wind, round, work-up, hurricane, confide, laser-focus"
rattata,"run-away, guts, hustle","cut, headbutt, tackle, body-slam, take-down, double-edge, tail-whip, bite, water-gun, ice-beam, blizzard, bubble-beam, counter, thunderbolt, thunder-wave, thunder, dig, toxic, quick-attack, rage, mimic, screech, double-team, defense-curl, focus-energy, bide, swift, skull-bash, fury-swipes, rest, hyper-fang, super-fang, substitute, thief, flame-wheel, snore, curse, reversal, protect, sludge-bomb, mud-slap, icy-wind, endure, swagger, attract, sleep-talk, return, frustration, pursuit, iron-tail, hidden-power, rain-dance, sunny-day, crunch, shadow-ball, rock-smash, uproar, facade, taunt, revenge, endeavor, secret-power, covet, shock-wave, natural-gift, pluck, u-turn, assurance, me-first, last-resort, sucker-punch, zen-headbutt, captivate, grass-knot, charge-beam, round, retaliate, final-gambit, work-up, wild-charge, confide, laser-focus"
raticate,"run-away, guts, hustle","swords-dance, cut, headbutt, tackle, body-slam, take-down, double-edge, tail-whip, bite, roar, water-gun, ice-beam, blizzard, bubble-beam, hyper-beam, counter, strength, thunderbolt, thunder-wave, thunder, dig, toxic, quick-attack, rage, mimic, double-team, defense-curl, focus-energy, bide, swift, skull-bash, fury-swipes, rest, hyper-fang, super-fang, substitute, thief, snore, curse, protect, scary-face, sludge-bomb, mud-slap, icy-wind, endure, swagger, attract, sleep-talk, return, frustration, pursuit, iron-tail, hidden-power, rain-dance, sunny-day, crunch, shadow-ball, rock-smash, uproar, facade, taunt, endeavor, secret-power, covet, shock-wave, natural-gift, pluck, u-turn, assurance, last-resort, sucker-punch, giga-impact, zen-headbutt, captivate, grass-knot, charge-beam, round, retaliate, work-up, wild-charge, confide, laser-focus, throat-chop, stomping-tantrum"
spearow,"keen-eye, sniper","razor-wind, wing-attack, whirlwind, fly, headbutt, fury-attack, take-down, double-edge, leer, growl, peck, drill-peck, toxic, agility, quick-attack, rage, mimic, double-team, focus-energy, bide, mirror-move, swift, sky-attack, rest, tri-attack, substitute, thief, snore, curse, protect, scary-face, feint-attack, mud-slap, detect, endure, false-swipe, swagger, steel-wing, attract, sleep-talk, return, frustration, pursuit, hidden-power, twister, rain-dance, sunny-day, uproar, heat-wave, facade, secret-power, feather-dance, astonish, air-cutter, aerial-ace, roost, natural-gift, pluck, tailwind, u-turn, assurance, defog, captivate, ominous-wind, round, echoed-voice, work-up, drill-run, confide"
fearow,"keen-eye, sniper","razor-wind, wing-attack, whirlwind, fly, headbutt, fury-attack, take-down, double-edge, leer, growl, hyper-beam, peck, drill-peck, toxic, agility, quick-attack, rage, mimic, double-team, focus-energy, bide, mirror-move, swift, sky-attack, rest, tri-attack, substitute, thief, snore, curse, protect, mud-slap, detect, endure, false-swipe, swagger, steel-wing, attract, sleep-talk, return, frustration, pursuit, hidden-power, twister, rain-dance, sunny-day, uproar, heat-wave, facade, secret-power, air-cutter, aerial-ace, roost, natural-gift, pluck, tailwind, u-turn, assurance, giga-impact, defog, captivate, ominous-wind, round, echoed-voice, work-up, drill-run, confide, laser-focus, throat-chop"
ekans,"intimidate, shed-skin, unnerve","bind, slam, headbutt, body-slam, wrap, take-down, double-edge, poison-sting, leer, bite, disable, acid, strength, mega-drain, earthquake, fissure, dig, toxic, rage, mimic, screech, double-team, haze, bide, skull-bash, glare, leech-life, rest, rock-slide, substitute, thief, snore, curse, spite, protect, scary-face, sludge-bomb, mud-slap, giga-drain, endure, swagger, attract, sleep-talk, return, frustration, pursuit, iron-tail, hidden-power, rain-dance, sunny-day, crunch, beat-up, stockpile, spit-up, swallow, torment, facade, knock-off, snatch, secret-power, poison-fang, rock-tomb, mud-shot, poison-tail, natural-gift, payback, gastro-acid, sucker-punch, toxic-spikes, poison-jab, dark-pulse, aqua-tail, seed-bomb, switcheroo, fire-fang, mud-bomb, gunk-shot, captivate, venoshock, sludge-wave, coil, acid-spray, round, bulldoze, snarl, belch, confide, infestation, brutal-swing, psychic-fangs, scale-shot, skitter-smack, lash-out, tera-blast, trailblaze"
arbok,"intimidate, shed-skin, unnerve","bind, slam, headbutt, body-slam, wrap, take-down, double-edge, poison-sting, leer, bite, acid, hyper-beam, strength, mega-drain, earthquake, fissure, dig, toxic, rage, mimic, screech, double-team, haze, bide, skull-bash, glare, leech-life, rest, rock-slide, substitute, thief, snore, curse, spite, protect, scary-face, sludge-bomb, mud-slap, giga-drain, endure, swagger, attract, sleep-talk, return, frustration, pain-split, iron-tail, hidden-power, rain-dance, sunny-day, crunch, stockpile, spit-up, swallow, torment, facade, knock-off, snatch, secret-power, poison-fang, rock-tomb, mud-shot, poison-tail, natural-gift, payback, gastro-acid, sucker-punch, toxic-spikes, poison-jab, dark-pulse, aqua-tail, seed-bomb, switcheroo, giga-impact, thunder-fang, ice-fang, fire-fang, mud-bomb, gunk-shot, captivate, venoshock, sludge-wave, coil, acid-spray, round, bulldoze, dragon-tail, snarl, belch, confide, infestation, throat-chop, brutal-swing, psychic-fangs, stomping-tantrum, breaking-swipe, scale-shot, skitter-smack, lash-out, tera-blast, trailblaze"
pikachu,"static, lightning-rod","mega-punch, pay-day, thunder-punch, slam, double-kick, mega-kick, headbutt, body-slam, take-down, double-edge, tail-whip, growl, surf, submission, counter, seismic-toss, strength, thunder-shock, thunderbolt, thunder-wave, thunder, dig, toxic, agility, quick-attack, rage, mimic, double-team, defense-curl, light-screen, reflect, bide, swift, skull-bash, flash, rest, substitute, thief, snore, curse, reversal, protect, sweet-kiss, mud-slap, zap-cannon, detect, endure, charm, rollout, swagger, spark, attract, sleep-talk, return, frustration, dynamic-punch, encore, iron-tail, hidden-power, rain-dance, rock-smash, uproar, facade, focus-punch, charge, helping-hand, brick-break, knock-off, endeavor, secret-power, fake-tears, signal-beam, covet, volt-tackle, calm-mind, shock-wave, natural-gift, feint, fling, magnet-rise, nasty-plot, discharge, captivate, grass-knot, charge-beam, electro-ball, round, echoed-voice, volt-switch, electroweb, wild-charge, disarming-voice, draining-kiss, play-rough, play-nice, confide, eerie-impulse, electric-terrain, nuzzle, laser-focus, rising-voltage, tera-blast, trailblaze, alluring-voice, upper-hand"
raichu,"static, lightning-rod","mega-punch, pay-day, thunder-punch, slam, mega-kick, headbutt, body-slam, take-down, double-edge, tail-whip, growl, surf, hyper-beam, submission, counter, seismic-toss, strength, thunder-shock, thunderbolt, thunder-wave, thunder, dig, toxic, agility, quick-attack, rage, mimic, double-team, defense-curl, light-screen, reflect, bide, swift, skull-bash, flash, rest, substitute, thief, snore, curse, reversal, protect, sweet-kiss, mud-slap, zap-cannon, detect, endure, charm, rollout, swagger, spark, attract, sleep-talk, return, frustration, safeguard, dynamic-punch, encore, iron-tail, hidden-power, rain-dance, rock-smash, fake-out, uproar, facade, focus-punch, charge, helping-hand, brick-break, knock-off, endeavor, secret-power, signal-beam, covet, calm-mind, shock-wave, natural-gift, feint, fling, magnet-rise, focus-blast, giga-impact, nasty-plot, discharge, captivate, grass-knot, charge-beam, electro-ball, round, echoed-voice, volt-switch, electroweb, wild-charge, disarming-voice, draining-kiss, play-rough, play-nice, confide, eerie-impulse, electric-terrain, nuzzle, laser-focus, speed-swap, brutal-swing, rising-voltage, tera-blast, trailblaze, alluring-voice, upper-hand"
sandshrew,"sand-veil, sand-rush","scratch, swords-dance, cut, sand-attack, headbutt, body-slam, take-down, double-edge, poison-sting, submission, low-kick, counter, seismic-toss, strength, earthquake, fissure, dig, toxic, agility, rage, mimic, double-team, defense-curl, bide, swift, skull-bash, amnesia, leech-life, fury-swipes, rest, rock-slide, super-fang, slash, substitute, thief, snore, curse, flail, protect, mud-slap, spikes, detect, sandstorm, endure, rollout, false-swipe, swagger, fury-cutter, attract, sleep-talk, return, frustration, safeguard, magnitude, dynamic-punch, rapid-spin, iron-tail, metal-claw, hidden-power, sunny-day, rock-smash, facade, focus-punch, brick-break, knock-off, endeavor, secret-power, crush-claw, rock-tomb, sand-tomb, aerial-ace, mud-shot, covet, gyro-ball, natural-gift, fling, poison-jab, night-slash, x-scissor, earth-power, shadow-claw, rock-climb, stone-edge, captivate, stealth-rock, hone-claws, smack-down, round, chip-away, bulldoze, work-up, rototiller, confide, high-horsepower, throat-chop, stomping-tantrum, steel-roller, scorching-sands, tera-blast"
sandslash,"sand-veil, sand-rush","scratch, swords-dance, cut, sand-attack, headbutt, body-slam, take-down, double-edge, poison-sting, pin-missile, hyper-beam, submission, low-kick, counter, seismic-toss, strength, earthquake, fissure, dig, toxic, agility, rage, mimic, double-team, defense-curl, bide, swift, skull-bash, amnesia, leech-life, fury-swipes, rest, rock-slide, super-fang, slash, substitute, thief, snore, curse, flail, protect, mud-slap, spikes, detect, sandstorm, endure, rollout, false-swipe, swagger, fury-cutter, attract, sleep-talk, return, frustration, safeguard, magnitude, dynamic-punch, rapid-spin, iron-tail, metal-claw, hidden-power, sunny-day, rock-smash, facade, focus-punch, brick-break, knock-off, endeavor, secret-power, crush-claw, rock-tomb, sand-tomb, aerial-ace, mud-shot, covet, gyro-ball, natural-gift, fling, poison-jab, night-slash, x-scissor, focus-blast, earth-power, giga-impact, shadow-claw, rock-climb, gunk-shot, stone-edge, captivate, stealth-rock, hone-claws, smack-down, round, bulldoze, work-up, drill-run, confide, high-horsepower, throat-chop, stomping-tantrum, steel-roller, scorching-sands, tera-blast"
nidoran-f,"poison-point, rivalry, hustle","scratch, cut, double-kick, headbutt, tackle, body-slam, take-down, double-edge, tail-whip, poison-sting, bite, growl, supersonic, disable, ice-beam, blizzard, counter, strength, thunderbolt, thunder, dig, toxic, rage, mimic, double-team, defense-curl, reflect, focus-energy, bide, skull-bash, fury-swipes, rest, super-fang, substitute, thief, snore, curse, protect, sludge-bomb, mud-slap, detect, endure, charm, swagger, attract, sleep-talk, return, frustration, pursuit, iron-tail, hidden-power, rain-dance, sunny-day, crunch, rock-smash, beat-up, flatter, facade, helping-hand, secret-power, poison-fang, aerial-ace, poison-tail, shock-wave, water-pulse, natural-gift, toxic-spikes, poison-jab, earth-power, shadow-claw, captivate, hone-claws, venoshock, round, echoed-voice, chip-away, confide, venom-drench"
nidorina,"poison-point, rivalry, hustle","scratch, cut, double-kick, headbutt, horn-drill, tackle, body-slam, take-down, double-edge, tail-whip, poison-sting, bite, growl, water-gun, ice-beam, blizzard, bubble-beam, counter, strength, thunderbolt, thunder, dig, toxic, rage, mimic, double-team, defense-curl, reflect, focus-energy, bide, skull-bash, fury-swipes, rest, super-fang, substitute, thief, snore, curse, protect, sludge-bomb, mud-slap, detect, endure, charm, swagger, attract, sleep-talk, return, frustration, iron-tail, hidden-power, rain-dance, sunny-day, crunch, rock-smash, beat-up, flatter, facade, helping-hand, secret-power, poison-fang, aerial-ace, shock-wave, water-pulse, natural-gift, toxic-spikes, poison-jab, earth-power, shadow-claw, captivate, hone-claws, venoshock, round, echoed-voice, confide, venom-drench, stomping-tantrum"
nidoqueen,"poison-point, rivalry, sheer-force","mega-punch, pay-day, fire-punch, ice-punch, thunder-punch, scratch, cut, double-kick, mega-kick, headbutt, horn-drill, tackle, body-slam, take-down, double-edge, tail-whip, poison-sting, bite, growl, roar, supersonic, flamethrower, water-gun, surf, ice-beam, blizzard, bubble-beam, hyper-beam, submission, counter, seismic-toss, strength, thunderbolt, thunder, earthquake, fissure, dig, toxic, rage, mimic, double-team, defense-curl, reflect, focus-energy, bide, fire-blast, skull-bash, fury-swipes, rest, rock-slide, super-fang, substitute, thief, snore, curse, protect, sludge-bomb, mud-slap, icy-wind, detect, outrage, sandstorm, endure, charm, swagger, fury-cutter, attract, sleep-talk, return, frustration, dynamic-punch, iron-tail, hidden-power, rain-dance, sunny-day, crunch, shadow-ball, rock-smash, whirlpool, beat-up, uproar, torment, flatter, facade, focus-punch, taunt, helping-hand, superpower, brick-break, secret-power, rock-tomb, sand-tomb, aerial-ace, mud-shot, rock-blast, shock-wave, water-pulse, natural-gift, fling, toxic-spikes, poison-jab, aqua-tail, dragon-pulse, focus-blast, earth-power, giga-impact, avalanche, shadow-claw, rock-climb, stone-edge, captivate, stealth-rock, hone-claws, venoshock, smack-down, sludge-wave, round, echoed-voice, chip-away, hex, incinerate, quash, bulldoze, dragon-tail, drill-run, confide, venom-drench, power-up-punch, high-horsepower, throat-chop, stomping-tantrum, body-press, scorching-sands"
nidoran-m,"poison-point, rivalry, hustle","cut, double-kick, headbutt, horn-attack, fury-attack, horn-drill, tackle, body-slam, take-down, thrash, double-edge, poison-sting, leer, supersonic, disable, ice-beam, blizzard, peck, counter, strength, thunderbolt, thunder, dig, toxic, confusion, rage, mimic, double-team, defense-curl, reflect, focus-energy, bide, skull-bash, amnesia, rest, super-fang, substitute, thief, snore, curse, protect, sludge-bomb, mud-slap, detect, endure, swagger, attract, sleep-talk, return, frustration, iron-tail, hidden-power, rain-dance, sunny-day, rock-smash, beat-up, flatter, facade, helping-hand, secret-power, poison-tail, shock-wave, water-pulse, natural-gift, sucker-punch, toxic-spikes, poison-jab, earth-power, shadow-claw, captivate, head-smash, hone-claws, venoshock, round, echoed-voice, chip-away, drill-run, confide, venom-drench, smart-strike"
nidorino,"poison-point, rivalry, hustle","cut, double-kick, headbutt, horn-attack, fury-attack, horn-drill, tackle, body-slam, take-down, double-edge, poison-sting, leer, water-gun, ice-beam, blizzard, bubble-beam, peck, counter, strength, thunderbolt, thunder, dig, toxic, rage, mimic, double-team, defense-curl, reflect, focus-energy, bide, skull-bash, amnesia, rest, super-fang, substitute, thief, snore, curse, protect, sludge-bomb, mud-slap, detect, endure, swagger, attract, sleep-talk, return, frustration, iron-tail, hidden-power, rain-dance, sunny-day, rock-smash, beat-up, flatter, facade, helping-hand, secret-power, shock-wave, water-pulse, natural-gift, sucker-punch, toxic-spikes, poison-jab, earth-power, shadow-claw, captivate, hone-claws, venoshock, round, echoed-voice, drill-run, confide, venom-drench, smart-strike, stomping-tantrum"
nidoking,"poison-point, rivalry, sheer-force","mega-punch, pay-day, fire-punch, ice-punch, thunder-punch, cut, double-kick, mega-kick, headbutt, horn-attack, fury-attack, horn-drill, tackle, body-slam, take-down, thrash, double-edge, poison-sting, leer, roar, supersonic, flamethrower, water-gun, surf, ice-beam, blizzard, bubble-beam, hyper-beam, peck, submission, counter, seismic-toss, strength, thunderbolt, thunder, earthquake, fissure, dig, toxic, rage, mimic, double-team, defense-curl, reflect, focus-energy, bide, fire-blast, skull-bash, amnesia, rest, rock-slide, super-fang, substitute, thief, snore, curse, protect, sludge-bomb, mud-slap, icy-wind, detect, outrage, sandstorm, endure, swagger, fury-cutter, attract, sleep-talk, return, frustration, dynamic-punch, megahorn, iron-tail, hidden-power, rain-dance, sunny-day, shadow-ball, rock-smash, whirlpool, beat-up, uproar, torment, flatter, facade, focus-punch, taunt, helping-hand, superpower, brick-break, secret-power, rock-tomb, sand-tomb, mud-shot, rock-blast, shock-wave, water-pulse, natural-gift, fling, sucker-punch, toxic-spikes, poison-jab, aqua-tail, dragon-pulse, focus-blast, earth-power, giga-impact, avalanche, shadow-claw, rock-climb, stone-edge, captivate, stealth-rock, hone-claws, venoshock, smack-down, sludge-wave, round, echoed-voice, chip-away, hex, incinerate, quash, bulldoze, dragon-tail, drill-run, confide, venom-drench, power-up-punch, high-horsepower, throat-chop, smart-strike, stomping-tantrum, body-press, scorching-sands"
clefairy,"cute-charm, magic-guard, friend-guard","pound, double-slap, mega-punch, fire-punch, ice-punch, thunder-punch, mega-kick, headbutt, tackle, body-slam, take-down, double-edge, growl, sing, flamethrower, water-gun, ice-beam, blizzard, psybeam, bubble-beam, submission, counter, seismic-toss, strength, solar-beam, thunderbolt, thunder-wave, thunder, dig, toxic, psychic, rage, teleport, night-shade, mimic, double-team, minimize, defense-curl, light-screen, reflect, bide, metronome, fire-blast, swift, skull-bash, amnesia, soft-boiled, dream-eater, flash, psywave, splash, rest, tri-attack, substitute, thief, nightmare, snore, curse, protect, sweet-kiss, mud-slap, zap-cannon, icy-wind, detect, endure, charm, rollout, swagger, attract, sleep-talk, heal-bell, return, present, frustration, safeguard, dynamic-punch, baton-pass, encore, iron-tail, moonlight, hidden-power, rain-dance, sunny-day, psych-up, shadow-ball, rock-smash, uproar, facade, focus-punch, follow-me, helping-hand, trick, role-play, wish, magic-coat, recycle, brick-break, knock-off, endeavor, skill-swap, imprison, snatch, secret-power, hyper-voice, meteor-mash, fake-tears, tickle, cosmic-power, signal-beam, bounce, covet, magical-leaf, calm-mind, shock-wave, water-pulse, gravity, wake-up-slap, healing-wish, natural-gift, fling, lucky-chant, copycat, last-resort, drain-punch, zen-headbutt, captivate, stealth-rock, grass-knot, charge-beam, wonder-room, psyshock, telekinesis, after-you, round, echoed-voice, stored-power, ally-switch, heal-pulse, incinerate, retaliate, bestow, work-up, disarming-voice, draining-kiss, misty-terrain, play-rough, fairy-wind, moonblast, confide, mystical-fire, dazzling-gleam, baby-doll-eyes, power-up-punch, spotlight, life-dew, meteor-beam, misty-explosion, dual-wingbeat, tera-blast, chilling-water, alluring-voice"
clefable,"cute-charm, magic-guard, unaware","pound, double-slap, mega-punch, fire-punch, ice-punch, thunder-punch, mega-kick, headbutt, tackle, body-slam, take-down, double-edge, growl, sing, flamethrower, water-gun, ice-beam, blizzard, psybeam, bubble-beam, hyper-beam, submission, counter, seismic-toss, strength, solar-beam, thunderbolt, thunder-wave, thunder, dig, toxic, psychic, rage, teleport, night-shade, mimic, double-team, minimize, defense-curl, light-screen, reflect, bide, metronome, fire-blast, swift, skull-bash, amnesia, soft-boiled, dream-eater, flash, psywave, splash, rest, tri-attack, substitute, thief, nightmare, snore, curse, protect, sweet-kiss, mud-slap, zap-cannon, icy-wind, detect, endure, charm, rollout, swagger, attract, sleep-talk, heal-bell, return, present, frustration, safeguard, dynamic-punch, baton-pass, encore, iron-tail, moonlight, hidden-power, rain-dance, sunny-day, psych-up, shadow-ball, future-sight, rock-smash, uproar, facade, focus-punch, follow-me, helping-hand, trick, role-play, wish, magic-coat, recycle, brick-break, knock-off, endeavor, skill-swap, imprison, snatch, secret-power, hyper-voice, meteor-mash, fake-tears, tickle, cosmic-power, signal-beam, bounce, covet, magical-leaf, calm-mind, shock-wave, water-pulse, gravity, healing-wish, natural-gift, fling, copycat, last-resort, drain-punch, focus-blast, giga-impact, zen-headbutt, captivate, stealth-rock, grass-knot, charge-beam, wonder-room, psyshock, telekinesis, after-you, round, echoed-voice, stored-power, ally-switch, heal-pulse, incinerate, retaliate, work-up, disarming-voice, draining-kiss, misty-terrain, play-rough, fairy-wind, moonblast, confide, mystical-fire, dazzling-gleam, baby-doll-eyes, power-up-punch, spotlight, laser-focus, life-dew, meteor-beam, misty-explosion, dual-wingbeat, tera-blast, chilling-water, alluring-voice"
vulpix,"flash-fire, drought","headbutt, tackle, body-slam, take-down, double-edge, tail-whip, roar, disable, ember, flamethrower, fire-spin, dig, toxic, hypnosis, agility, quick-attack, rage, mimic, double-team, confuse-ray, reflect, bide, fire-blast, swift, skull-bash, rest, substitute, flame-wheel, snore, curse, flail, spite, protect, feint-attack, endure, charm, swagger, attract, sleep-talk, return, frustration, safeguard, pain-split, baton-pass, encore, iron-tail, hidden-power, sunny-day, psych-up, heat-wave, will-o-wisp, memento, facade, helping-hand, role-play, imprison, grudge, secret-power, weather-ball, overheat, extrasensory, howl, covet, healing-wish, natural-gift, payback, power-swap, flare-blitz, dark-pulse, energy-ball, nasty-plot, zen-headbutt, captivate, ominous-wind, flame-burst, flame-charge, foul-play, round, hex, incinerate, inferno, tail-slap, snarl, confide, mystical-fire, baby-doll-eyes, burning-jealousy, tera-blast"
ninetales,"flash-fire, drought","headbutt, tackle, body-slam, take-down, double-edge, tail-whip, roar, disable, ember, flamethrower, hyper-beam, solar-beam, fire-spin, dig, toxic, hypnosis, agility, quick-attack, rage, night-shade, mimic, double-team, confuse-ray, reflect, bide, fire-blast, swift, skull-bash, dream-eater, rest, substitute, flame-wheel, snore, curse, flail, spite, protect, endure, charm, swagger, attract, sleep-talk, return, frustration, safeguard, pain-split, baton-pass, encore, iron-tail, hidden-power, sunny-day, psych-up, shadow-ball, heat-wave, will-o-wisp, memento, facade, helping-hand, role-play, imprison, grudge, secret-power, weather-ball, fake-tears, overheat, extrasensory, howl, covet, calm-mind, healing-wish, natural-gift, payback, power-swap, flare-blitz, dark-pulse, energy-ball, giga-impact, nasty-plot, zen-headbutt, captivate, ominous-wind, psyshock, flame-charge, foul-play, round, stored-power, hex, incinerate, inferno, tail-slap, snarl, confide, mystical-fire, baby-doll-eyes, laser-focus, burning-jealousy, scorching-sands, tera-blast"
jigglypuff,"cute-charm, competitive, friend-guard","pound, double-slap, mega-punch, fire-punch, ice-punch, thunder-punch, mega-kick, headbutt, body-slam, take-down, double-edge, sing, disable, flamethrower, water-gun, ice-beam, blizzard, bubble-beam, submission, counter, seismic-toss, strength, solar-beam, thunderbolt, thunder-wave, thunder, dig, toxic, psychic, rage, teleport, mimic, screech, double-team, defense-curl, light-screen, reflect, bide, metronome, self-destruct, fire-blast, swift, skull-bash, amnesia, dream-eater, flash, psywave, rest, tri-attack, substitute, thief, nightmare, snore, curse, protect, sweet-kiss, mud-slap, zap-cannon, icy-wind, detect, sandstorm, endure, charm, rollout, swagger, attract, sleep-talk, heal-bell, return, frustration, safeguard, pain-split, dynamic-punch, baton-pass, encore, hidden-power, rain-dance, sunny-day, psych-up, shadow-ball, uproar, stockpile, spit-up, swallow, facade, focus-punch, taunt, helping-hand, role-play, magic-coat, recycle, brick-break, knock-off, endeavor, skill-swap, snatch, secret-power, hyper-voice, fake-tears, bounce, covet, magical-leaf, calm-mind, shock-wave, water-pulse, gravity, wake-up-slap, gyro-ball, natural-gift, fling, copycat, last-resort, dark-pulse, drain-punch, energy-ball, nasty-plot, zen-headbutt, captivate, stealth-rock, grass-knot, charge-beam, psyshock, telekinesis, round, echoed-voice, stored-power, ally-switch, incinerate, retaliate, work-up, wild-charge, disarming-voice, draining-kiss, misty-terrain, play-rough, play-nice, confide, dazzling-gleam, power-up-punch, body-press, steel-roller, misty-explosion, tera-blast, ice-spinner, trailblaze, chilling-water, alluring-voice, psychic-noise"
wigglytuff,"cute-charm, competitive, frisk","pound, double-slap, mega-punch, fire-punch, ice-punch, thunder-punch, mega-kick, headbutt, body-slam, take-down, double-edge, sing, disable, flamethrower, water-gun, ice-beam, blizzard, bubble-beam, hyper-beam, submission, counter, seismic-toss, strength, solar-beam, thunderbolt, thunder-wave, thunder, dig, toxic, psychic, rage, teleport, mimic, screech, double-team, minimize, defense-curl, light-screen, reflect, bide, metronome, self-destruct, fire-blast, swift, skull-bash, amnesia, dream-eater, flash, psywave, rest, tri-attack, substitute, thief, nightmare, snore, curse, protect, sweet-kiss, mud-slap, zap-cannon, icy-wind, detect, sandstorm, endure, charm, rollout, swagger, attract, sleep-talk, heal-bell, return, frustration, safeguard, pain-split, dynamic-punch, baton-pass, encore, hidden-power, rain-dance, sunny-day, psych-up, shadow-ball, uproar, stockpile, spit-up, swallow, facade, focus-punch, taunt, helping-hand, role-play, magic-coat, recycle, brick-break, knock-off, endeavor, skill-swap, snatch, secret-power, hyper-voice, fake-tears, bounce, covet, magical-leaf, calm-mind, shock-wave, water-pulse, gravity, gyro-ball, natural-gift, fling, copycat, last-resort, dark-pulse, drain-punch, focus-blast, energy-ball, giga-impact, nasty-plot, zen-headbutt, captivate, stealth-rock, grass-knot, charge-beam, psyshock, telekinesis, magic-room, round, echoed-voice, stored-power, ally-switch, incinerate, retaliate, work-up, wild-charge, disarming-voice, draining-kiss, misty-terrain, play-rough, confide, dazzling-gleam, power-up-punch, laser-focus, body-press, expanding-force, steel-roller, misty-explosion, tera-blast, ice-spinner, trailblaze, chilling-water, alluring-voice, psychic-noise"
zubat,"inner-focus, infiltrator","razor-wind, gust, wing-attack, whirlwind, fly, headbutt, take-down, double-edge, bite, supersonic, absorb, mega-drain, toxic, hypnosis, agility, quick-attack, rage, mimic, double-team, confuse-ray, haze, bide, swift, leech-life, rest, super-fang, substitute, thief, snore, curse, protect, feint-attack, sludge-bomb, detect, giga-drain, endure, swagger, steel-wing, mean-look, attract, sleep-talk, return, frustration, pursuit, hidden-power, twister, rain-dance, sunny-day, crunch, shadow-ball, uproar, heat-wave, torment, facade, taunt, snatch, secret-power, poison-fang, astonish, air-cutter, aerial-ace, roost, natural-gift, pluck, tailwind, u-turn, payback, assurance, air-slash, brave-bird, nasty-plot, zen-headbutt, defog, cross-poison, captivate, ominous-wind, venoshock, round, quick-guard, acrobatics, confide, venom-drench, dual-wingbeat"
golbat,"inner-focus, infiltrator","razor-wind, gust, wing-attack, whirlwind, fly, headbutt, take-down, double-edge, bite, supersonic, hyper-beam, absorb, mega-drain, toxic, hypnosis, agility, quick-attack, rage, mimic, screech, double-team, confuse-ray, haze, bide, swift, leech-life, rest, super-fang, substitute, thief, snore, curse, protect, sludge-bomb, detect, giga-drain, endure, swagger, steel-wing, mean-look, attract, sleep-talk, return, frustration, hidden-power, twister, rain-dance, sunny-day, crunch, shadow-ball, uproar, heat-wave, torment, facade, taunt, snatch, secret-power, poison-fang, astonish, air-cutter, aerial-ace, roost, natural-gift, pluck, tailwind, u-turn, payback, assurance, air-slash, brave-bird, giga-impact, nasty-plot, zen-headbutt, defog, cross-poison, captivate, ominous-wind, venoshock, round, quick-guard, acrobatics, confide, venom-drench, dual-wingbeat"
oddish,"chlorophyll, run-away","swords-dance, cut, headbutt, take-down, double-edge, acid, absorb, mega-drain, leech-seed, growth, razor-leaf, solar-beam, poison-powder, stun-spore, sleep-powder, petal-dance, toxic, rage, mimic, double-team, reflect, bide, flash, rest, substitute, snore, curse, flail, protect, sludge-bomb, giga-drain, endure, charm, swagger, attract, sleep-talk, return, frustration, sweet-scent, synthesis, moonlight, hidden-power, sunny-day, facade, nature-power, helping-hand, ingrain, secret-power, teeter-dance, tickle, bullet-seed, magical-leaf, natural-gift, gastro-acid, lucky-chant, worry-seed, seed-bomb, energy-ball, leaf-storm, captivate, grass-knot, venoshock, acid-spray, after-you, round, grassy-terrain, moonblast, confide, dazzling-gleam, infestation, strength-sap, grassy-glide, tera-blast, trailblaze"
gloom,"chlorophyll, stench","swords-dance, cut, headbutt, take-down, double-edge, acid, absorb, mega-drain, leech-seed, growth, razor-leaf, solar-beam, poison-powder, stun-spore, sleep-powder, petal-dance, toxic, rage, mimic, double-team, reflect, bide, flash, rest, substitute, snore, curse, flail, protect, sludge-bomb, giga-drain, endure, charm, swagger, attract, sleep-talk, return, frustration, sweet-scent, synthesis, moonlight, hidden-power, sunny-day, facade, nature-power, helping-hand, ingrain, secret-power, teeter-dance, tickle, bullet-seed, magical-leaf, natural-gift, fling, gastro-acid, lucky-chant, worry-seed, seed-bomb, drain-punch, energy-ball, leaf-storm, captivate, grass-knot, venoshock, acid-spray, after-you, round, petal-blizzard, grassy-terrain, moonblast, confide, dazzling-gleam, infestation, strength-sap, pollen-puff, grassy-glide, tera-blast, trailblaze"
vileplume,"chlorophyll, effect-spore","swords-dance, cut, headbutt, body-slam, take-down, double-edge, acid, hyper-beam, absorb, mega-drain, leech-seed, growth, razor-leaf, solar-beam, poison-powder, stun-spore, sleep-powder, petal-dance, toxic, rage, mimic, double-team, reflect, bide, flash, rest, substitute, snore, curse, flail, protect, sludge-bomb, giga-drain, endure, charm, swagger, attract, sleep-talk, return, frustration, safeguard, sweet-scent, synthesis, moonlight, hidden-power, sunny-day, facade, nature-power, helping-hand, ingrain, secret-power, teeter-dance, weather-ball, aromatherapy, tickle, bullet-seed, magical-leaf, natural-gift, fling, gastro-acid, worry-seed, seed-bomb, drain-punch, energy-ball, giga-impact, leaf-storm, captivate, grass-knot, venoshock, sludge-wave, acid-spray, after-you, round, petal-blizzard, grassy-terrain, moonblast, confide, dazzling-gleam, infestation, strength-sap, solar-blade, pollen-puff, grassy-glide, corrosive-gas, tera-blast, trailblaze"
paras,"effect-spore, dry-skin, damp","scratch, swords-dance, cut, headbutt, body-slam, take-down, double-edge, psybeam, counter, absorb, mega-drain, leech-seed, growth, solar-beam, poison-powder, stun-spore, sleep-powder, string-shot, dig, toxic, agility, rage, mimic, screech, double-team, light-screen, reflect, bide, skull-bash, leech-life, spore, flash, fury-swipes, rest, slash, substitute, thief, snore, curse, flail, protect, sludge-bomb, giga-drain, endure, false-swipe, swagger, fury-cutter, attract, sleep-talk, return, frustration, pursuit, sweet-scent, metal-claw, synthesis, hidden-power, sunny-day, rock-smash, facade, nature-power, brick-break, knock-off, secret-power, aromatherapy, bullet-seed, aerial-ace, natural-gift, worry-seed, seed-bomb, x-scissor, energy-ball, cross-poison, captivate, grass-knot, bug-bite, hone-claws, wide-guard, venoshock, rage-powder, after-you, round, struggle-bug, rototiller, fell-stinger, grassy-terrain, confide"
parasect,"effect-spore, dry-skin, damp","scratch, swords-dance, cut, headbutt, body-slam, take-down, double-edge, hyper-beam, counter, absorb, mega-drain, leech-seed, growth, solar-beam, poison-powder, stun-spore, sleep-powder, string-shot, dig, toxic, rage, mimic, screech, double-team, light-screen, reflect, bide, skull-bash, leech-life, spore, flash, fury-swipes, rest, slash, substitute, thief, snore, curse, protect, sludge-bomb, giga-drain, endure, false-swipe, swagger, fury-cutter, attract, sleep-talk, return, frustration, sweet-scent, synthesis, hidden-power, sunny-day, rock-smash, facade, nature-power, brick-break, knock-off, secret-power, aromatherapy, bullet-seed, aerial-ace, natural-gift, worry-seed, seed-bomb, x-scissor, energy-ball, giga-impact, cross-poison, captivate, grass-knot, bug-bite, hone-claws, venoshock, rage-powder, after-you, round, struggle-bug, confide, throat-chop"
venonat,"compound-eyes, tinted-lens, run-away","headbutt, tackle, take-down, double-edge, supersonic, disable, psybeam, mega-drain, solar-beam, poison-powder, stun-spore, sleep-powder, string-shot, toxic, confusion, psychic, agility, rage, night-shade, mimic, screech, double-team, confuse-ray, reflect, bide, swift, leech-life, flash, psywave, rest, substitute, thief, snore, curse, protect, sludge-bomb, foresight, giga-drain, endure, swagger, attract, sleep-talk, return, frustration, baton-pass, sweet-scent, morning-sun, hidden-power, sunny-day, facade, endeavor, skill-swap, secret-power, poison-fang, signal-beam, natural-gift, toxic-spikes, bug-buzz, energy-ball, zen-headbutt, captivate, bug-bite, venoshock, rage-powder, acid-spray, round, struggle-bug, confide, infestation, lunge, skitter-smack, tera-blast, pounce, psychic-noise"
venomoth,"shield-dust, tinted-lens, wonder-skin","razor-wind, gust, whirlwind, headbutt, tackle, take-down, double-edge, supersonic, disable, psybeam, hyper-beam, mega-drain, solar-beam, poison-powder, stun-spore, sleep-powder, string-shot, toxic, confusion, psychic, agility, rage, teleport, night-shade, mimic, screech, double-team, confuse-ray, reflect, bide, swift, dream-eater, leech-life, flash, psywave, rest, substitute, thief, snore, curse, protect, sludge-bomb, foresight, giga-drain, endure, swagger, attract, sleep-talk, return, frustration, baton-pass, sweet-scent, hidden-power, twister, sunny-day, facade, endeavor, skill-swap, secret-power, poison-fang, air-cutter, silver-wind, signal-beam, aerial-ace, roost, natural-gift, tailwind, u-turn, toxic-spikes, air-slash, bug-buzz, energy-ball, giga-impact, zen-headbutt, defog, captivate, bug-bite, ominous-wind, venoshock, sludge-wave, quiver-dance, acid-spray, round, acrobatics, struggle-bug, confide, infestation, lunge, skitter-smack, tera-blast, pounce, psychic-noise"
diglett,"sand-veil, arena-trap, sand-force","scratch, swords-dance, cut, sand-attack, headbutt, body-slam, take-down, double-edge, growl, earthquake, fissure, dig, toxic, agility, rage, mimic, screech, double-team, bide, fury-swipes, rest, rock-slide, slash, substitute, thief, snore, curse, reversal, protect, feint-attack, sludge-bomb, mud-slap, sandstorm, endure, charm, swagger, attract, sleep-talk, return, frustration, magnitude, pursuit, hidden-power, sunny-day, ancient-power, rock-smash, beat-up, uproar, memento, facade, helping-hand, endeavor, secret-power, astonish, rock-tomb, sand-tomb, aerial-ace, mud-shot, rock-blast, natural-gift, assurance, sucker-punch, earth-power, shadow-claw, mud-bomb, stone-edge, captivate, stealth-rock, hone-claws, smack-down, foul-play, round, echoed-voice, ally-switch, final-gambit, bulldoze, work-up, confide, throat-chop, stomping-tantrum, scorching-sands, tera-blast"
dugtrio,"sand-veil, arena-trap, sand-force","scratch, swords-dance, cut, sand-attack, headbutt, body-slam, take-down, double-edge, growl, hyper-beam, earthquake, fissure, dig, toxic, agility, rage, mimic, screech, double-team, bide, fury-swipes, rest, rock-slide, tri-attack, slash, substitute, thief, snore, curse, reversal, protect, sludge-bomb, mud-slap, sandstorm, endure, charm, swagger, attract, sleep-talk, return, frustration, magnitude, hidden-power, sunny-day, rock-smash, beat-up, uproar, facade, endeavor, secret-power, astonish, rock-tomb, sand-tomb, aerial-ace, mud-shot, rock-blast, natural-gift, assurance, sucker-punch, night-slash, earth-power, giga-impact, shadow-claw, mud-bomb, stone-edge, captivate, stealth-rock, hone-claws, smack-down, sludge-wave, foul-play, round, echoed-voice, ally-switch, bulldoze, work-up, rototiller, confide, high-horsepower, throat-chop, stomping-tantrum, scorching-sands, tera-blast"
meowth,"pickup, technician, unnerve","pay-day, scratch, cut, headbutt, body-slam, take-down, double-edge, tail-whip, bite, growl, water-gun, bubble-beam, thunderbolt, thunder-wave, thunder, dig, toxic, hypnosis, agility, rage, mimic, screech, double-team, defense-curl, bide, swift, skull-bash, amnesia, dream-eater, flash, fury-swipes, rest, slash, substitute, thief, nightmare, snore, curse, flail, spite, protect, feint-attack, mud-slap, zap-cannon, icy-wind, detect, endure, charm, false-swipe, swagger, attract, sleep-talk, return, frustration, pain-split, iron-tail, metal-claw, hidden-power, rain-dance, sunny-day, psych-up, shadow-ball, fake-out, uproar, torment, facade, taunt, helping-hand, assist, knock-off, endeavor, snatch, secret-power, hyper-voice, fake-tears, odor-sleuth, aerial-ace, covet, shock-wave, water-pulse, natural-gift, feint, u-turn, payback, assurance, punishment, last-resort, dark-pulse, night-slash, seed-bomb, power-gem, nasty-plot, shadow-claw, gunk-shot, captivate, hone-claws, foul-play, round, echoed-voice, retaliate, work-up, snarl, play-rough, confide, throat-chop, lash-out, tera-blast, trailblaze, chilling-water"
persian,"limber, technician, unnerve","pay-day, scratch, cut, headbutt, body-slam, take-down, double-edge, bite, growl, roar, water-gun, bubble-beam, hyper-beam, thunderbolt, thunder-wave, thunder, dig, toxic, hypnosis, agility, rage, mimic, screech, double-team, defense-curl, bide, swift, skull-bash, amnesia, dream-eater, flash, fury-swipes, rest, slash, substitute, thief, nightmare, snore, curse, spite, protect, feint-attack, mud-slap, zap-cannon, icy-wind, detect, endure, charm, false-swipe, swagger, attract, sleep-talk, return, frustration, pain-split, iron-tail, metal-claw, hidden-power, rain-dance, sunny-day, psych-up, shadow-ball, fake-out, uproar, torment, facade, taunt, helping-hand, knock-off, endeavor, snatch, secret-power, hyper-voice, fake-tears, aerial-ace, covet, shock-wave, water-pulse, natural-gift, feint, u-turn, payback, assurance, embargo, last-resort, dark-pulse, night-slash, seed-bomb, power-gem, switcheroo, giga-impact, nasty-plot, shadow-claw, gunk-shot, captivate, hone-claws, foul-play, round, echoed-voice, retaliate, work-up, snarl, play-rough, confide, throat-chop, skitter-smack, lash-out, tera-blast, trailblaze, chilling-water"
psyduck,"damp, cloud-nine, swift-swim","mega-punch, pay-day, ice-punch, scratch, mega-kick, headbutt, body-slam, take-down, double-edge, tail-whip, disable, water-gun, hydro-pump, surf, ice-beam, blizzard, psybeam, bubble-beam, submission, low-kick, counter, seismic-toss, strength, dig, toxic, confusion, psychic, hypnosis, rage, mimic, screech, double-team, confuse-ray, light-screen, haze, bide, metronome, waterfall, swift, skull-bash, amnesia, bubble, flash, fury-swipes, rest, substitute, thief, snore, curse, protect, mud-slap, foresight, icy-wind, endure, swagger, attract, sleep-talk, return, frustration, dynamic-punch, encore, iron-tail, hidden-power, cross-chop, rain-dance, psych-up, future-sight, rock-smash, whirlpool, hail, facade, focus-punch, taunt, helping-hand, role-play, brick-break, yawn, knock-off, endeavor, skill-swap, refresh, secret-power, dive, signal-beam, muddy-water, aerial-ace, mud-shot, water-sport, calm-mind, water-pulse, brine, natural-gift, fling, worry-seed, aqua-tail, vacuum-wave, nasty-plot, shadow-claw, mud-bomb, zen-headbutt, captivate, hone-claws, wonder-room, psyshock, telekinesis, synchronoise, soak, low-sweep, simple-beam, round, clear-smog, scald, confide, power-up-punch, liquidation, flip-turn, tera-blast, trailblaze, chilling-water, psychic-noise"
golduck,"damp, cloud-nine, swift-swim","mega-punch, pay-day, ice-punch, scratch, mega-kick, headbutt, body-slam, take-down, double-edge, tail-whip, disable, water-gun, hydro-pump, surf, ice-beam, blizzard, psybeam, bubble-beam, hyper-beam, submission, low-kick, counter, seismic-toss, strength, dig, toxic, confusion, psychic, hypnosis, rage, mimic, screech, double-team, confuse-ray, light-screen, haze, bide, metronome, waterfall, swift, skull-bash, amnesia, bubble, flash, fury-swipes, rest, substitute, thief, snore, curse, protect, mud-slap, icy-wind, endure, swagger, fury-cutter, attract, sleep-talk, return, frustration, dynamic-punch, encore, iron-tail, hidden-power, rain-dance, psych-up, future-sight, rock-smash, whirlpool, hail, facade, focus-punch, taunt, helping-hand, role-play, brick-break, yawn, knock-off, endeavor, skill-swap, secret-power, dive, signal-beam, muddy-water, aerial-ace, mud-shot, water-sport, calm-mind, water-pulse, brine, natural-gift, fling, me-first, worry-seed, aqua-tail, power-gem, vacuum-wave, focus-blast, giga-impact, nasty-plot, shadow-claw, zen-headbutt, rock-climb, captivate, grass-knot, aqua-jet, hone-claws, wonder-room, psyshock, telekinesis, soak, low-sweep, round, scald, confide, power-up-punch, laser-focus, liquidation, flip-turn, tera-blast, trailblaze, chilling-water, psychic-noise"
mankey,"vital-spirit, anger-point, defiant","karate-chop, mega-punch, pay-day, fire-punch, ice-punch, thunder-punch, scratch, mega-kick, headbutt, body-slam, take-down, thrash, double-edge, leer, submission, low-kick, counter, seismic-toss, strength, thunderbolt, thunder, earthquake, dig, toxic, meditate, rage, mimic, screech, double-team, defense-curl, focus-energy, bide, metronome, swift, skull-bash, fury-swipes, rest, rock-slide, substitute, thief, snore, curse, reversal, spite, protect, scary-face, mud-slap, foresight, detect, outrage, endure, swagger, attract, sleep-talk, return, frustration, dynamic-punch, encore, pursuit, iron-tail, hidden-power, cross-chop, rain-dance, sunny-day, psych-up, rock-smash, beat-up, uproar, facade, focus-punch, smelling-salts, taunt, helping-hand, role-play, revenge, brick-break, endeavor, secret-power, overheat, rock-tomb, aerial-ace, bulk-up, covet, natural-gift, u-turn, close-combat, payback, assurance, fling, punishment, poison-jab, night-slash, seed-bomb, drain-punch, vacuum-wave, focus-blast, shadow-claw, rock-climb, gunk-shot, stone-edge, captivate, hone-claws, smack-down, low-sweep, round, acrobatics, retaliate, final-gambit, bulldoze, work-up, dual-chop, confide, power-up-punch, throat-chop, power-trip, stomping-tantrum, lash-out, tera-blast"
primeape,"vital-spirit, anger-point, defiant","karate-chop, mega-punch, pay-day, fire-punch, ice-punch, thunder-punch, scratch, mega-kick, headbutt, body-slam, take-down, thrash, double-edge, leer, hyper-beam, submission, low-kick, counter, seismic-toss, strength, thunderbolt, thunder, earthquake, dig, toxic, rage, mimic, screech, double-team, defense-curl, focus-energy, bide, metronome, swift, skull-bash, fury-swipes, rest, rock-slide, substitute, thief, snore, curse, reversal, spite, protect, scary-face, mud-slap, detect, outrage, endure, swagger, attract, sleep-talk, return, frustration, dynamic-punch, encore, pursuit, iron-tail, hidden-power, cross-chop, rain-dance, sunny-day, psych-up, rock-smash, uproar, facade, focus-punch, taunt, helping-hand, role-play, brick-break, endeavor, secret-power, overheat, rock-tomb, aerial-ace, bulk-up, covet, natural-gift, u-turn, close-combat, payback, assurance, fling, punishment, poison-jab, seed-bomb, drain-punch, vacuum-wave, focus-blast, giga-impact, shadow-claw, rock-climb, gunk-shot, stone-edge, captivate, stealth-rock, hone-claws, smack-down, low-sweep, round, acrobatics, retaliate, final-gambit, bulldoze, work-up, dual-chop, confide, power-up-punch, throat-chop, stomping-tantrum, lash-out, tera-blast, rage-fist"
growlithe,"intimidate, flash-fire, justified","double-kick, headbutt, body-slam, take-down, thrash, double-edge, leer, bite, roar, ember, flamethrower, strength, dragon-rage, fire-spin, dig, toxic, agility, rage, mimic, double-team, reflect, bide, fire-blast, swift, skull-bash, rest, substitute, thief, flame-wheel, snore, curse, reversal, protect, scary-face, mud-slap, outrage, endure, charm, swagger, attract, sleep-talk, return, frustration, safeguard, dragon-breath, iron-tail, morning-sun, hidden-power, sunny-day, crunch, rock-smash, heat-wave, will-o-wisp, facade, helping-hand, secret-power, overheat, odor-sleuth, aerial-ace, howl, covet, natural-gift, close-combat, flare-blitz, thunder-fang, fire-fang, captivate, flame-burst, flame-charge, round, incinerate, retaliate, wild-charge, snarl, play-rough, confide, burn-up, psychic-fangs, raging-fury, tera-blast, temper-flare"
arcanine,"intimidate, flash-fire, justified","headbutt, body-slam, take-down, double-edge, leer, bite, roar, ember, flamethrower, hyper-beam, strength, solar-beam, dragon-rage, fire-spin, dig, toxic, agility, rage, teleport, mimic, double-team, reflect, bide, fire-blast, swift, skull-bash, rest, substitute, thief, flame-wheel, snore, curse, reversal, protect, scary-face, mud-slap, outrage, endure, charm, swagger, attract, sleep-talk, return, frustration, safeguard, dragon-breath, iron-tail, hidden-power, sunny-day, crunch, extreme-speed, rock-smash, heat-wave, will-o-wisp, facade, helping-hand, superpower, secret-power, hyper-voice, overheat, odor-sleuth, aerial-ace, howl, covet, natural-gift, close-combat, flare-blitz, dragon-pulse, giga-impact, thunder-fang, fire-fang, rock-climb, iron-head, captivate, flame-charge, round, incinerate, retaliate, bulldoze, wild-charge, heat-crash, snarl, play-rough, confide, laser-focus, burn-up, psychic-fangs, scorching-sands, tera-blast, temper-flare"
poliwag,"water-absorb, damp, swift-swim","pound, double-slap, headbutt, body-slam, take-down, double-edge, mist, water-gun, hydro-pump, surf, ice-beam, blizzard, bubble-beam, low-kick, dig, toxic, psychic, hypnosis, rage, mimic, double-team, defense-curl, haze, bide, waterfall, swift, skull-bash, amnesia, bubble, psywave, splash, rest, substitute, thief, mind-reader, snore, curse, protect, belly-drum, mud-slap, icy-wind, endure, swagger, attract, sleep-talk, return, frustration, encore, hidden-power, rain-dance, whirlpool, hail, facade, focus-punch, helping-hand, endeavor, refresh, secret-power, dive, ice-ball, weather-ball, muddy-water, mud-shot, water-sport, water-pulse, wake-up-slap, natural-gift, earth-power, mud-bomb, captivate, round, scald, bulldoze, confide, liquidation, tera-blast, chilling-water"
poliwhirl,"water-absorb, damp, swift-swim","pound, double-slap, mega-punch, ice-punch, mega-kick, headbutt, body-slam, take-down, double-edge, mist, water-gun, hydro-pump, surf, ice-beam, blizzard, bubble-beam, submission, low-kick, counter, seismic-toss, strength, earthquake, fissure, dig, toxic, psychic, hypnosis, rage, mimic, double-team, defense-curl, haze, bide, metronome, waterfall, swift, skull-bash, amnesia, bubble, psywave, splash, rest, substitute, thief, snore, curse, protect, belly-drum, mud-slap, icy-wind, detect, endure, swagger, attract, sleep-talk, return, frustration, encore, hidden-power, rain-dance, psych-up, rock-smash, whirlpool, hail, facade, focus-punch, helping-hand, brick-break, endeavor, secret-power, dive, weather-ball, muddy-water, mud-shot, water-sport, water-pulse, wake-up-slap, natural-gift, fling, earth-power, mud-bomb, captivate, low-sweep, round, scald, bulldoze, confide, power-up-punch, liquidation, tera-blast, chilling-water"
poliwrath,"water-absorb, damp, swift-swim","pound, double-slap, mega-punch, ice-punch, mega-kick, headbutt, body-slam, take-down, double-edge, mist, water-gun, hydro-pump, surf, ice-beam, blizzard, bubble-beam, hyper-beam, submission, low-kick, counter, seismic-toss, strength, earthquake, fissure, dig, toxic, psychic, hypnosis, rage, mimic, double-team, defense-curl, haze, bide, metronome, waterfall, swift, skull-bash, amnesia, bubble, psywave, splash, rest, rock-slide, substitute, thief, mind-reader, snore, curse, reversal, protect, scary-face, belly-drum, mud-slap, icy-wind, detect, endure, swagger, attract, sleep-talk, return, frustration, dynamic-punch, baton-pass, encore, hidden-power, rain-dance, psych-up, rock-smash, whirlpool, hail, facade, focus-punch, taunt, helping-hand, superpower, brick-break, knock-off, endeavor, secret-power, dive, weather-ball, rock-tomb, muddy-water, bulk-up, mud-shot, water-pulse, natural-gift, close-combat, payback, fling, poison-jab, drain-punch, vacuum-wave, focus-blast, earth-power, giga-impact, rock-climb, captivate, low-sweep, round, scald, circle-throw, bulldoze, work-up, dual-chop, confide, power-up-punch, darkest-lariat, high-horsepower, throat-chop, liquidation, coaching, tera-blast, chilling-water, upper-hand"
abra,"synchronize, inner-focus, magic-guard","mega-punch, fire-punch, ice-punch, thunder-punch, mega-kick, headbutt, body-slam, take-down, double-edge, submission, counter, seismic-toss, thunder-wave, toxic, confusion, psychic, rage, teleport, mimic, double-team, barrier, light-screen, reflect, bide, metronome, swift, skull-bash, dream-eater, flash, psywave, rest, tri-attack, substitute, thief, nightmare, snore, curse, protect, zap-cannon, endure, swagger, attract, sleep-talk, return, frustration, safeguard, dynamic-punch, encore, iron-tail, hidden-power, rain-dance, sunny-day, psych-up, shadow-ball, torment, facade, focus-punch, taunt, trick, role-play, magic-coat, recycle, knock-off, skill-swap, snatch, secret-power, signal-beam, calm-mind, shock-wave, gravity, natural-gift, embargo, fling, psycho-shift, power-trick, power-swap, guard-swap, drain-punch, energy-ball, zen-headbutt, trick-room, captivate, grass-knot, charge-beam, guard-split, wonder-room, psyshock, telekinesis, magic-room, foul-play, round, ally-switch, confide, dazzling-gleam, psychic-terrain, speed-swap"
kadabra,"synchronize, inner-focus, magic-guard","mega-punch, fire-punch, ice-punch, thunder-punch, mega-kick, headbutt, body-slam, take-down, double-edge, disable, psybeam, submission, counter, seismic-toss, thunder-wave, dig, toxic, confusion, psychic, hypnosis, rage, teleport, night-shade, mimic, double-team, recover, light-screen, reflect, bide, metronome, swift, skull-bash, kinesis, dream-eater, flash, psywave, rest, tri-attack, substitute, thief, nightmare, snore, curse, protect, zap-cannon, endure, swagger, attract, sleep-talk, return, frustration, safeguard, dynamic-punch, encore, iron-tail, hidden-power, rain-dance, sunny-day, psych-up, shadow-ball, future-sight, torment, facade, focus-punch, taunt, trick, role-play, magic-coat, recycle, knock-off, skill-swap, snatch, secret-power, signal-beam, calm-mind, shock-wave, gravity, miracle-eye, natural-gift, embargo, fling, power-swap, guard-swap, drain-punch, energy-ball, psycho-cut, zen-headbutt, trick-room, captivate, grass-knot, charge-beam, wonder-room, psyshock, telekinesis, magic-room, foul-play, round, ally-switch, confide, dazzling-gleam, psychic-terrain, speed-swap, expanding-force"
alakazam,"synchronize, inner-focus, magic-guard","mega-punch, fire-punch, ice-punch, thunder-punch, mega-kick, headbutt, body-slam, take-down, double-edge, disable, psybeam, hyper-beam, submission, counter, seismic-toss, thunder-wave, dig, toxic, confusion, psychic, hypnosis, rage, teleport, night-shade, mimic, double-team, recover, barrier, light-screen, reflect, bide, metronome, swift, skull-bash, kinesis, dream-eater, flash, psywave, rest, tri-attack, substitute, thief, nightmare, snore, curse, protect, zap-cannon, endure, swagger, attract, sleep-talk, return, frustration, safeguard, dynamic-punch, encore, iron-tail, hidden-power, rain-dance, sunny-day, psych-up, shadow-ball, future-sight, torment, facade, focus-punch, taunt, trick, role-play, magic-coat, recycle, knock-off, skill-swap, imprison, snatch, secret-power, signal-beam, calm-mind, shock-wave, gravity, miracle-eye, natural-gift, embargo, fling, power-swap, guard-swap, drain-punch, focus-blast, energy-ball, giga-impact, nasty-plot, psycho-cut, zen-headbutt, trick-room, captivate, grass-knot, charge-beam, wonder-room, psyshock, telekinesis, magic-room, foul-play, round, stored-power, ally-switch, confide, dazzling-gleam, laser-focus, psychic-terrain, speed-swap, expanding-force"
machop,"guts, no-guard, steadfast","karate-chop, mega-punch, fire-punch, ice-punch, thunder-punch, mega-kick, rolling-kick, headbutt, tackle, body-slam, take-down, double-edge, leer, flamethrower, submission, low-kick, counter, seismic-toss, strength, earthquake, fissure, dig, toxic, meditate, rage, mimic, double-team, light-screen, focus-energy, bide, metronome, fire-blast, skull-bash, rest, rock-slide, substitute, thief, snore, curse, reversal, protect, mach-punch, scary-face, mud-slap, foresight, detect, endure, swagger, attract, sleep-talk, return, frustration, dynamic-punch, encore, vital-throw, hidden-power, cross-chop, rain-dance, sunny-day, rock-smash, facade, focus-punch, smelling-salts, helping-hand, role-play, superpower, revenge, brick-break, knock-off, secret-power, rock-tomb, tickle, bulk-up, wake-up-slap, natural-gift, close-combat, payback, fling, power-trick, poison-jab, vacuum-wave, focus-blast, bullet-punch, rock-climb, captivate, double-hit, smack-down, heavy-slam, low-sweep, round, quick-guard, incinerate, retaliate, bulldoze, work-up, dual-chop, confide, power-up-punch, coaching"
machoke,"guts, no-guard, steadfast","karate-chop, mega-punch, fire-punch, ice-punch, thunder-punch, mega-kick, headbutt, tackle, body-slam, take-down, double-edge, leer, flamethrower, submission, low-kick, counter, seismic-toss, strength, earthquake, fissure, dig, toxic, rage, mimic, double-team, light-screen, focus-energy, bide, metronome, fire-blast, skull-bash, rest, rock-slide, substitute, thief, snore, curse, reversal, protect, mach-punch, scary-face, mud-slap, foresight, detect, endure, swagger, attract, sleep-talk, return, frustration, dynamic-punch, encore, vital-throw, hidden-power, cross-chop, rain-dance, sunny-day, rock-smash, facade, focus-punch, helping-hand, role-play, superpower, revenge, brick-break, knock-off, secret-power, rock-tomb, bulk-up, wake-up-slap, natural-gift, close-combat, payback, fling, poison-jab, vacuum-wave, focus-blast, bullet-punch, rock-climb, captivate, double-hit, smack-down, heavy-slam, low-sweep, round, incinerate, retaliate, bulldoze, work-up, dual-chop, confide, power-up-punch, stomping-tantrum, coaching"
machamp,"guts, no-guard, steadfast","karate-chop, mega-punch, fire-punch, ice-punch, thunder-punch, mega-kick, headbutt, tackle, body-slam, take-down, double-edge, leer, flamethrower, hyper-beam, submission, low-kick, counter, seismic-toss, strength, earthquake, fissure, dig, toxic, rage, mimic, double-team, light-screen, focus-energy, bide, metronome, fire-blast, skull-bash, rest, rock-slide, substitute, thief, snore, curse, reversal, protect, mach-punch, scary-face, mud-slap, foresight, detect, endure, swagger, attract, sleep-talk, return, frustration, dynamic-punch, encore, vital-throw, hidden-power, cross-chop, rain-dance, sunny-day, rock-smash, facade, focus-punch, helping-hand, role-play, superpower, revenge, brick-break, knock-off, secret-power, rock-tomb, bulk-up, rock-blast, wake-up-slap, natural-gift, close-combat, payback, assurance, fling, poison-jab, drain-punch, vacuum-wave, focus-blast, giga-impact, bullet-punch, rock-climb, cross-poison, stone-edge, captivate, double-hit, wide-guard, smack-down, heavy-slam, low-sweep, round, incinerate, retaliate, bulldoze, work-up, dual-chop, confide, power-up-punch, darkest-lariat, high-horsepower, throat-chop, stomping-tantrum, coaching"
bellsprout,"chlorophyll, gluttony","swords-dance, cut, bind, slam, vine-whip, headbutt, wrap, take-down, double-edge, acid, mega-drain, growth, razor-leaf, solar-beam, poison-powder, stun-spore, sleep-powder, toxic, rage, mimic, double-team, reflect, bide, leech-life, flash, rest, substitute, thief, snore, curse, protect, sludge-bomb, giga-drain, endure, swagger, attract, sleep-talk, return, frustration, encore, sweet-scent, synthesis, hidden-power, sunny-day, facade, nature-power, ingrain, knock-off, secret-power, weather-ball, tickle, bullet-seed, magical-leaf, natural-gift, wring-out, gastro-acid, worry-seed, sucker-punch, poison-jab, seed-bomb, energy-ball, leaf-storm, power-whip, captivate, grass-knot, venoshock, sludge-wave, acid-spray, round, clear-smog, belch, grassy-terrain, confide, infestation, strength-sap, lunge, grassy-glide, tera-blast, pounce, trailblaze"
weepinbell,"chlorophyll, gluttony","swords-dance, cut, bind, slam, vine-whip, headbutt, body-slam, wrap, take-down, double-edge, acid, mega-drain, growth, razor-leaf, solar-beam, poison-powder, stun-spore, sleep-powder, toxic, rage, mimic, double-team, reflect, bide, swift, leech-life, flash, rest, substitute, thief, snore, curse, protect, sludge-bomb, giga-drain, endure, swagger, attract, sleep-talk, return, frustration, encore, sweet-scent, synthesis, hidden-power, sunny-day, facade, nature-power, ingrain, knock-off, secret-power, weather-ball, tickle, bullet-seed, magical-leaf, natural-gift, wring-out, gastro-acid, worry-seed, sucker-punch, poison-jab, seed-bomb, energy-ball, leaf-storm, power-whip, captivate, grass-knot, bug-bite, venoshock, sludge-wave, acid-spray, round, clear-smog, grassy-terrain, confide, infestation, strength-sap, lunge, grassy-glide, tera-blast, pounce, trailblaze"
victreebel,"chlorophyll, gluttony","swords-dance, cut, bind, slam, vine-whip, headbutt, body-slam, wrap, take-down, double-edge, acid, hyper-beam, mega-drain, growth, razor-leaf, solar-beam, poison-powder, stun-spore, sleep-powder, toxic, rage, mimic, double-team, reflect, bide, swift, leech-life, flash, rest, substitute, thief, snore, curse, protect, scary-face, sludge-bomb, giga-drain, endure, swagger, attract, sleep-talk, return, frustration, encore, sweet-scent, synthesis, hidden-power, sunny-day, stockpile, spit-up, swallow, facade, nature-power, ingrain, knock-off, secret-power, weather-ball, tickle, bullet-seed, magical-leaf, leaf-blade, natural-gift, gastro-acid, worry-seed, sucker-punch, poison-jab, seed-bomb, energy-ball, giga-impact, leaf-storm, power-whip, captivate, grass-knot, bug-bite, venoshock, sludge-wave, acid-spray, round, clear-smog, leaf-tornado, grassy-terrain, confide, infestation, strength-sap, lunge, grassy-glide, tera-blast, pounce, trailblaze"
tentacool,"clear-body, liquid-ooze, rain-dish","swords-dance, cut, bind, headbutt, wrap, take-down, double-edge, poison-sting, supersonic, acid, water-gun, hydro-pump, surf, ice-beam, blizzard, bubble-beam, aurora-beam, mega-drain, toxic, rage, mimic, screech, double-team, confuse-ray, barrier, haze, reflect, bide, waterfall, swift, skull-bash, constrict, bubble, acid-armor, rest, substitute, thief, snore, curse, protect, sludge-bomb, icy-wind, giga-drain, endure, swagger, attract, sleep-talk, return, frustration, safeguard, rapid-spin, hidden-power, rain-dance, mirror-coat, whirlpool, hail, facade, magic-coat, knock-off, secret-power, dive, tickle, muddy-water, mud-shot, water-pulse, brine, natural-gift, acupressure, payback, wring-out, toxic-spikes, aqua-ring, poison-jab, cross-poison, gunk-shot, captivate, venoshock, sludge-wave, acid-spray, round, scald, hex, confide, dazzling-gleam, infestation, throat-chop, brutal-swing, liquidation, flip-turn, tera-blast, pounce, chilling-water"
tentacruel,"clear-body, liquid-ooze, rain-dish","swords-dance, cut, bind, headbutt, wrap, take-down, double-edge, poison-sting, supersonic, acid, water-gun, hydro-pump, surf, ice-beam, blizzard, bubble-beam, aurora-beam, hyper-beam, mega-drain, toxic, rage, mimic, screech, double-team, confuse-ray, barrier, haze, reflect, bide, waterfall, swift, skull-bash, constrict, bubble, acid-armor, rest, substitute, thief, snore, curse, protect, scary-face, sludge-bomb, icy-wind, giga-drain, endure, swagger, attract, sleep-talk, return, frustration, safeguard, rapid-spin, hidden-power, rain-dance, mirror-coat, whirlpool, hail, facade, magic-coat, knock-off, secret-power, dive, weather-ball, tickle, muddy-water, mud-shot, water-pulse, brine, natural-gift, acupressure, payback, wring-out, toxic-spikes, aqua-ring, poison-jab, giga-impact, cross-poison, gunk-shot, captivate, venoshock, sludge-wave, acid-spray, round, scald, hex, reflect-type, confide, venom-drench, dazzling-gleam, infestation, throat-chop, brutal-swing, liquidation, skitter-smack, corrosive-gas, flip-turn, tera-blast, pounce, chilling-water"
geodude,"rock-head, sturdy, sand-veil","mega-punch, fire-punch, thunder-punch, sand-attack, headbutt, tackle, body-slam, take-down, double-edge, flamethrower, submission, counter, seismic-toss, strength, rock-throw, earthquake, fissure, dig, toxic, rage, mimic, double-team, harden, defense-curl, bide, metronome, self-destruct, fire-blast, explosion, rest, rock-slide, substitute, snore, curse, flail, protect, scary-face, mud-slap, sandstorm, endure, rollout, swagger, attract, sleep-talk, return, frustration, magnitude, dynamic-punch, hidden-power, sunny-day, ancient-power, rock-smash, facade, focus-punch, nature-power, superpower, brick-break, secret-power, mud-sport, rock-tomb, iron-defense, block, mud-shot, rock-blast, hammer-arm, gyro-ball, natural-gift, fling, sucker-punch, rock-polish, earth-power, rock-climb, stone-edge, captivate, stealth-rock, wide-guard, autotomize, smack-down, round, incinerate, bulldoze, confide, power-up-punch, high-horsepower, stomping-tantrum, tera-blast"
graveler,"rock-head, sturdy, sand-veil","mega-punch, fire-punch, thunder-punch, sand-attack, headbutt, tackle, body-slam, take-down, double-edge, flamethrower, submission, counter, seismic-toss, strength, rock-throw, earthquake, fissure, dig, toxic, rage, mimic, double-team, harden, defense-curl, bide, metronome, self-destruct, fire-blast, explosion, rest, rock-slide, substitute, snore, curse, flail, protect, scary-face, mud-slap, sandstorm, endure, rollout, swagger, attract, sleep-talk, return, frustration, magnitude, dynamic-punch, hidden-power, sunny-day, ancient-power, rock-smash, facade, focus-punch, nature-power, superpower, brick-break, secret-power, mud-sport, rock-tomb, iron-defense, block, mud-shot, rock-blast, hammer-arm, gyro-ball, natural-gift, fling, sucker-punch, rock-polish, focus-blast, earth-power, rock-climb, iron-head, stone-edge, captivate, stealth-rock, wide-guard, smack-down, heavy-slam, round, incinerate, bulldoze, confide, power-up-punch, high-horsepower, stomping-tantrum, body-press, tera-blast, hard-press"
golem,"rock-head, sturdy, sand-veil","mega-punch, fire-punch, thunder-punch, mega-kick, sand-attack, headbutt, tackle, body-slam, take-down, double-edge, roar, flamethrower, hyper-beam, submission, counter, seismic-toss, strength, rock-throw, earthquake, fissure, dig, toxic, rage, mimic, double-team, harden, defense-curl, bide, metronome, self-destruct, fire-blast, explosion, rest, rock-slide, substitute, snore, curse, flail, protect, scary-face, mud-slap, sandstorm, endure, rollout, swagger, fury-cutter, attract, sleep-talk, return, frustration, magnitude, dynamic-punch, hidden-power, sunny-day, ancient-power, rock-smash, facade, focus-punch, nature-power, superpower, brick-break, secret-power, mud-sport, rock-tomb, iron-defense, block, mud-shot, rock-blast, hammer-arm, gyro-ball, natural-gift, fling, sucker-punch, rock-polish, focus-blast, earth-power, giga-impact, rock-climb, iron-head, stone-edge, captivate, stealth-rock, wide-guard, smack-down, heavy-slam, round, incinerate, bulldoze, steamroller, confide, power-up-punch, high-horsepower, stomping-tantrum, body-press, tera-blast, hard-press"
